{
  "model_name": "Swin-Tiny",
  "class_names": [
    "10",
    "100",
    "1000",
    "2",
    "20",
    "200",
    "5",
    "50",
    "500"
  ],
  "img_size": 224,
  "imagenet_mean": [
    0.485,
    0.456,
    0.406
  ],
  "imagenet_std": [
    0.229,
    0.224,
    0.225
  ],
  "accuracy": 99.86859395532194,
  "f1": 99.90367789889389
}